Income,1,2,3,4,5,6
10820,0,0,0,0,0,0
10900,2,4,4,4,4,4
11000,21,50,54,58,58,58
11100,23,54,59,63,63,63
11200,25,59,63,68,68,68
11300,27,63,68,73,73,73
11400,29,68,73,78,78,78
11500,31,72,78,83,83,83
11600,32,76,82,88,88,88
11700,34,81,87,93,93,93
11800,36,85,92,98,98,98
11900,38,90,96,103,103,103
12000,40,94,101,108,108,108
12100,42,98,105,112,112,112
12200,44,101,109,116,116,116
12300,46,105,113,121,121,121
12400,48,109,117,125,125,125
12500,49,112,121,129,129,129
12600,51,116,125,133,133,133
12700,53,120,128,137,137,137
12800,55,123,132,142,142,142
12900,57,127,136,146,146,146
13000,59,130,140,150,150,150
13100,61,134,144,154,154,154
13200,63,137,147,158,158,158
13300,65,141,151,162,162,162
13400,67,144,155,166,166,166
13500,68,148,159,170,170,170
13600,70,151,162,174,174,174
13700,72,155,166,178,178,178
13800,74,158,170,182,182,182
13900,76,162,173,186,186,186
14000,78,165,177,190,190,190
14100,80,168,180,193,193,193
14200,82,171,184,197,197,197
14300,84,174,187,200,200,200
14400,86,177,190,204,204,204
14500,87,180,193,207,207,207
14600,89,183,197,211,211,211
14700,91,186,200,214,214,214
14800,93,189,203,218,218,218
14900,95,192,206,221,221,221
15000,97,195,210,225,225,225
15100,99,198,213,228,228,228
15200,101,201,216,232,232,232
15300,103,204,220,235,235,235
15400,105,207,223,239,239,239
15500,106,210,226,242,242,242
15600,108,213,229,245,245,245
15700,110,216,232,249,249,249
15800,112,219,236,252,252,252
15900,114,222,239,256,256,256
16000,116,225,242,259,259,259
16100,118,228,245,263,263,263
16200,120,231,249,266,266,266
16300,122,234,252,270,270,270
16400,123,237,256,274,274,274
16500,125,241,259,277,277,277
16600,127,244,262,281,281,281
16700,129,247,266,285,285,285
16800,131,250,269,288,288,288
16900,133,253,273,292,292,292
17000,135,256,276,296,296,296
17100,136,258,280,300,300,300
17200,136,260,284,305,305,305
17300,137,262,288,309,309,309
17400,138,264,292,314,314,314
17500,138,266,296,318,318,318
17600,139,268,301,322,322,322
17700,140,270,305,327,327,327
17800,140,272,309,331,331,331
17900,141,275,313,336,336,336
18000,142,277,317,340,340,340
18100,143,278,321,345,345,345
18200,144,280,326,349,349,349
18300,145,281,330,354,354,354
18400,146,283,334,359,359,359
18500,146,284,339,363,363,363
18600,147,286,343,368,368,368
18700,148,287,347,373,373,373
18800,149,288,351,377,377,377
18900,150,290,356,382,382,382
19000,151,291,360,386,386,386
19100,152,292,364,391,391,391
19200,153,294,369,395,395,395
19300,154,295,373,400,400,400
19400,155,297,378,404,404,404
19500,156,298,382,409,409,409
19600,156,300,386,414,414,414
19700,157,301,391,418,418,418
19800,158,303,395,423,423,423
19900,159,304,400,428,428,428
20000,160,306,404,432,432,432
20100,161,307,408,436,436,436
20200,162,309,411,440,440,440
20300,162,310,415,444,444,444
20400,163,311,419,449,449,449
20500,164,313,423,453,453,453
20600,165,314,426,457,457,457
20700,166,316,430,461,461,461
20800,166,317,434,465,465,465
20900,167,318,438,469,469,469
21000,168,320,441,474,474,474
21100,169,321,443,478,478,478
21200,170,323,445,482,482,482
21300,170,324,446,487,487,487
21400,171,325,448,491,491,491
21500,172,327,450,495,495,495
21600,173,328,452,499,499,499
21700,174,329,454,503,503,503
21800,174,331,455,508,508,508
21900,175,332,457,512,512,512
22000,176,333,459,516,516,516
22100,177,334,461,520,520,520
22200,178,336,462,524,524,524
22300,178,337,464,528,528,528
22400,179,338,466,533,533,533
22500,180,340,468,537,537,537
22600,181,341,469,541,541,541
22700,182,342,471,545,545,545
22800,183,343,473,549,549,549
22900,183,345,475,553,553,553
23000,184,346,476,557,557,557
23100,185,347,478,561,561,561
23200,186,349,479,565,565,565
23300,186,350,481,570,570,570
23400,187,351,483,574,574,574
23500,188,352,485,578,578,578
23600,189,354,486,582,582,582
23700,190,355,488,586,586,586
23800,191,356,490,590,590,590
23900,191,358,491,595,595,595
24000,192,359,493,599,599,599
24100,193,360,495,602,603,603
24200,194,362,497,604,607,607
24300,194,363,498,607,612,612
24400,195,364,500,609,616,616
24500,196,366,502,612,620,620
24600,197,367,504,614,624,624
24700,198,369,505,617,628,628
24800,199,370,507,619,633,633
24900,199,371,509,622,637,637
25000,200,373,511,624,641,641
25100,201,374,513,626,646,646
25200,202,376,515,628,650,650
25300,203,377,516,631,655,655
25400,204,378,518,633,659,659
25500,205,380,520,635,664,664
25600,206,381,522,637,668,668
25700,207,382,524,639,673,673
25800,208,384,525,642,677,677
25900,209,385,527,644,682,682
26000,210,386,529,646,686,686
26100,211,387,531,648,691,691
26200,212,388,532,650,695,695
26300,213,389,534,652,700,700
26400,213,390,535,654,704,704
26500,214,391,537,656,709,709
26600,215,392,538,658,714,714
26700,216,393,540,660,718,718
26800,217,394,541,662,723,723
26900,218,395,543,664,727,727
27000,219,397,545,666,732,732
27100,220,398,547,668,737,737
27200,221,399,548,670,741,741
27300,222,400,550,672,746,746
27400,223,402,551,674,751,751
27500,223,403,553,676,756,756
27600,224,404,554,678,760,760
27700,225,405,556,680,765,765
27800,226,406,557,682,770,770
27900,227,407,559,684,774,774
28000,228,408,560,686,779,779
28100,229,409,562,688,782,784
28200,230,411,563,690,786,788
28300,231,412,565,692,789,793
28400,232,414,566,694,793,798
28500,233,415,568,696,796,802
28600,234,417,569,698,800,807
28700,234,418,571,700,803,811
28800,235,420,573,702,807,816
28900,236,421,574,703,810,821
29000,237,423,576,705,813,825
29100,238,425,578,707,815,830
29200,239,426,579,709,818,834
29300,240,428,581,711,820,839
29400,240,429,582,713,822,844
29500,241,431,584,715,825,848
29600,242,432,585,717,827,853
29700,243,434,587,719,830,858
29800,244,435,588,721,832,862
29900,245,437,590,723,834,867
30000,245,438,591,725,837,872
30100,246,439,593,727,839,877
30200,247,441,595,729,842,881
30300,249,442,597,731,844,886
30400,250,444,599,733,846,890
30500,251,445,601,735,849,895
30600,252,447,603,737,851,900
30700,253,448,605,739,853,904
30800,254,450,607,741,856,909
30900,256,451,609,743,858,914
31000,257,452,611,745,860,918
31100,258,453,613,747,862,923
31200,259,455,615,749,865,927
31300,261,456,617,751,867,932
31400,262,458,619,753,869,937
31500,263,459,621,755,871,941
31600,264,461,622,757,874,946
31700,265,462,624,759,876,951
31800,266,464,626,761,878,955
31900,268,465,628,763,881,960
32000,269,467,630,765,883,965
32100,270,468,632,767,885,969
32200,271,470,634,769,888,974
32300,273,471,636,771,890,978
32400,274,473,637,774,892,983
32500,275,474,639,776,894,987
32600,276,475,641,778,897,991
32700,277,477,643,780,899,996
32800,278,478,645,782,901,1000
32900,280,480,647,784,903,1005
33000,281,481,649,786,906,1009
33100,282,482,651,788,908,1011
33200,283,484,653,790,910,1014
33300,284,485,654,793,912,1016
33400,285,487,656,795,915,1019
33500,287,488,658,797,917,1021
33600,288,489,660,799,919,1024
33700,289,491,662,801,921,1026
33800,290,492,663,803,923,1028
33900,291,494,665,806,925,1031
34000,292,495,667,808,927,1033
34100,293,496,669,810,929,1035
34200,294,498,671,812,932,1038
34300,295,499,672,815,934,1040
34400,296,500,674,817,936,1043
34500,297,502,676,819,939,1045
34600,299,503,678,821,941,1047
34700,300,504,680,823,943,1050
34800,301,506,681,826,945,1052
34900,302,507,683,828,948,1055
35000,303,508,685,830,950,1057
35100,304,509,687,832,952,1059
35200,305,511,689,834,955,1062
35300,306,512,690,836,957,1064
35400,308,514,692,839,960,1067
35500,309,515,694,841,962,1069
35600,310,516,696,843,965,1072
35700,311,518,698,845,967,1074
35800,312,519,699,847,970,1077
35900,313,520,701,849,972,1079
36000,315,522,703,851,975,1082
36100,316,523,705,853,977,1084
36200,317,524,706,855,979,1086
36300,318,526,708,857,982,1089
36400,319,527,709,859,984,1091
36500,320,528,711,861,986,1093
36600,321,529,713,863,988,1095
36700,322,531,714,865,990,1098
36800,323,532,716,867,993,1100
36900,324,533,717,869,995,1102
37000,325,534,719,871,997,1104
37100,326,535,720,873,999,1106
37200,327,536,722,875,1001,1109
37300,328,538,723,876,1003,1111
37400,329,539,725,878,1005,1113
37500,330,540,726,880,1007,1115
37600,331,541,728,882,1009,1118
37700,333,542,729,884,1011,1120
37800,334,544,731,885,1013,1122
37900,335,545,732,887,1016,1124
38000,336,546,734,889,1018,1127
38100,337,548,736,891,1020,1129
38200,338,549,737,893,1022,1132
38300,339,551,739,895,1024,1134
38400,341,553,740,896,1027,1136
38500,342,554,742,898,1029,1139
38600,343,556,743,900,1031,1141
38700,344,558,745,902,1033,1143
38800,345,559,746,904,1035,1146
38900,346,561,748,906,1037,1148
39000,348,563,749,907,1039,1150
39100,349,565,751,909,1041,1152
39200,350,566,752,911,1043,1155
39300,352,568,754,913,1046,1157
39400,353,570,755,915,1048,1160
39500,354,571,757,917,1050,1162
39600,355,573,758,918,1052,1165
39700,356,575,760,920,1055,1167
39800,357,576,761,922,1057,1170
39900,359,578,763,924,1059,1172
40000,360,579,764,926,1061,1175
40100,361,581,766,928,1063,1178
40200,362,583,767,930,1066,1180
40300,363,584,769,932,1068,1183
40400,364,586,771,934,1071,1186
40500,365,588,772,936,1073,1188
40600,366,590,774,938,1075,1191
40700,367,591,776,941,1078,1194
40800,368,593,777,943,1080,1196
40900,369,595,779,945,1083,1199
41000,370,597,781,947,1085,1202
41100,371,599,783,949,1087,1204
41200,372,600,784,951,1089,1207
41300,373,602,786,953,1091,1209
41400,374,604,787,955,1093,1212
41500,374,605,789,957,1096,1214
41600,375,607,790,958,1098,1217
41700,376,609,792,960,1100,1219
41800,377,610,793,962,1102,1221
41900,378,612,795,964,1104,1224
42000,379,614,797,966,1106,1226
42100,380,616,799,968,1108,1228
42200,381,617,801,970,1110,1231
42300,382,619,803,972,1112,1233
42400,383,621,805,973,1115,1235
42500,384,622,807,975,1117,1238
42600,384,624,809,977,1119,1240
42700,385,625,811,979,1121,1242
42800,386,627,813,981,1123,1245
42900,387,629,815,983,1125,1247
43000,388,630,817,984,1128,1249
43100,389,632,819,986,1130,1251
43200,390,633,821,988,1132,1254
43300,391,635,823,990,1135,1256
43400,392,637,825,992,1137,1259
43500,393,638,827,993,1139,1261
43600,394,640,829,995,1141,1264
43700,395,642,831,997,1143,1266
43800,395,643,833,999,1146,1269
43900,396,645,835,1001,1148,1271
44000,397,647,837,1003,1150,1274
44100,398,649,839,1005,1152,1276
44200,399,650,841,1007,1154,1279
44300,400,652,843,1009,1157,1281
44400,401,654,845,1011,1159,1284
44500,402,656,847,1012,1161,1286
44600,403,657,849,1014,1163,1288
44700,404,659,852,1016,1166,1291
44800,404,661,854,1018,1168,1293
44900,405,662,856,1020,1170,1296
45000,406,664,858,1022,1172,1298
45100,407,666,860,1024,1174,1300
45200,408,667,862,1026,1176,1303
45300,409,669,864,1028,1179,1305
45400,410,671,866,1030,1181,1308
45500,411,672,868,1031,1183,1310
45600,412,674,870,1033,1185,1313
45700,413,675,872,1035,1188,1315
45800,413,677,874,1037,1190,1318
45900,414,679,876,1039,1192,1320
46000,415,680,878,1041,1194,1323
46100,416,682,880,1043,1196,1325
46200,417,683,882,1046,1198,1328
46300,418,685,884,1048,1201,1330
46400,419,687,886,1050,1203,1333
46500,420,688,888,1052,1205,1335
46600,421,690,890,1055,1207,1338
46700,422,692,893,1057,1210,1340
46800,422,693,895,1059,1212,1342
46900,423,695,897,1061,1214,1345
47000,424,697,899,1064,1216,1347
47100,425,699,901,1066,1218,1350
47200,426,701,903,1069,1221,1352
47300,427,702,905,1071,1223,1355
47400,428,704,908,1074,1225,1357
47500,429,706,910,1076,1228,1360
47600,430,708,912,1079,1230,1363
47700,431,709,914,1081,1232,1365
47800,431,711,916,1084,1235,1368
47900,432,713,918,1086,1237,1370
48000,433,715,920,1088,1239,1373
48100,434,716,922,1090,1241,1375
48200,435,718,924,1092,1243,1377
48300,435,719,925,1094,1244,1379
48400,436,720,927,1096,1246,1381
48500,437,722,929,1098,1248,1383
48600,438,723,931,1100,1250,1385
48700,438,724,933,1102,1252,1387
48800,439,726,934,1104,1254,1389
48900,440,727,936,1106,1255,1391
49000,441,728,938,1108,1257,1393
49100,442,730,940,1110,1259,1396
49200,443,731,942,1113,1262,1398
49300,444,733,944,1115,1264,1401
49400,445,734,947,1118,1266,1403
49500,446,736,949,1120,1269,1406
49600,447,737,951,1123,1271,1409
49700,448,739,953,1125,1273,1411
49800,449,740,955,1128,1276,1414
49900,449,742,957,1130,1278,1417
50000,450,743,959,1133,1280,1419
50100,451,745,961,1135,1283,1422
50200,452,746,963,1138,1285,1424
50300,453,748,966,1140,1288,1427
50400,454,749,968,1143,1290,1429
50500,455,751,970,1145,1293,1432
50600,456,752,972,1148,1296,1435
50700,457,754,974,1150,1298,1437
50800,458,755,976,1153,1301,1440
50900,459,757,979,1155,1303,1443
51000,460,758,981,1158,1306,1445
51100,461,760,983,1160,1309,1448
51200,462,761,985,1163,1311,1450
51300,463,763,988,1165,1314,1453
51400,464,764,990,1168,1317,1455
51500,465,766,992,1170,1320,1458
51600,466,767,994,1173,1322,1461
51700,466,769,996,1175,1325,1463
51800,467,770,999,1178,1328,1466
51900,468,772,1001,1180,1331,1469
52000,469,773,1003,1183,1333,1471
52100,470,774,1005,1186,1336,1474
52200,471,776,1007,1188,1339,1476
52300,472,777,1009,1191,1341,1479
52400,473,779,1012,1193,1344,1482
52500,474,780,1014,1196,1347,1484
52600,475,782,1016,1198,1350,1487
52700,476,783,1018,1201,1352,1489
52800,477,785,1020,1203,1355,1492
52900,478,786,1022,1206,1358,1495
53000,479,787,1024,1208,1361,1497
53100,480,788,1026,1211,1364,1500
53200,481,790,1028,1213,1366,1502
53300,482,791,1031,1216,1369,1505
53400,483,793,1033,1218,1372,1508
53500,484,794,1035,1221,1375,1510
53600,484,796,1037,1223,1377,1513
53700,485,797,1039,1226,1380,1515
53800,486,799,1041,1228,1383,1518
53900,487,800,1044,1231,1385,1521
54000,488,802,1046,1233,1388,1523
54100,489,803,1048,1236,1391,1526
54200,490,805,1050,1238,1394,1528
54300,491,806,1053,1241,1396,1531
54400,492,808,1055,1243,1399,1534
54500,493,809,1057,1246,1402,1537
54600,494,811,1059,1248,1405,1539
54700,495,812,1061,1251,1407,1542
54800,496,814,1064,1253,1410,1545
54900,497,815,1066,1256,1413,1548
55000,498,817,1068,1258,1416,1550
55100,499,818,1070,1261,1419,1553
55200,500,820,1072,1263,1422,1556
55300,501,821,1074,1266,1424,1559
55400,502,823,1077,1268,1427,1562
55500,503,824,1079,1271,1430,1565
55600,504,826,1081,1273,1433,1568
55700,505,827,1083,1276,1436,1571
55800,506,829,1085,1278,1438,1574
55900,507,830,1087,1281,1441,1577
56000,508,832,1089,1283,1444,1580
56100,509,833,1091,1286,1447,1583
56200,510,835,1093,1288,1449,1586
56300,511,836,1096,1291,1452,1589
56400,512,838,1098,1293,1455,1592
56500,513,839,1100,1296,1458,1595
56600,514,841,1102,1298,1460,1598
56700,515,842,1104,1301,1463,1601
56800,516,844,1106,1303,1466,1604
56900,516,845,1109,1306,1469,1607
57000,517,847,1111,1308,1471,1610
57100,518,849,1113,1310,1474,1613
57200,519,850,1115,1313,1477,1616
57300,520,852,1117,1315,1479,1619
57400,521,853,1119,1318,1482,1622
57500,522,855,1121,1320,1485,1625
57600,523,856,1123,1323,1488,1628
57700,524,858,1124,1325,1490,1631
57800,525,859,1126,1328,1493,1634
57900,526,861,1128,1330,1496,1637
58000,527,862,1130,1332,1499,1640
58100,528,864,1132,1334,1502,1643
58200,529,865,1134,1337,1505,1646
58300,530,867,1136,1339,1507,1649
58400,531,868,1138,1342,1510,1652
58500,532,870,1140,1344,1513,1655
58600,533,871,1141,1347,1516,1658
58700,534,873,1143,1349,1519,1661
58800,534,874,1145,1352,1521,1664
58900,535,876,1147,1354,1524,1667
59000,536,877,1149,1357,1527,1670
59100,537,879,1151,1359,1530,1673
59200,538,880,1153,1362,1532,1676
59300,539,882,1155,1364,1535,1679
59400,540,883,1157,1367,1538,1682
59500,541,885,1159,1369,1541,1685
59600,542,886,1160,1372,1543,1688
59700,543,888,1162,1374,1546,1691
59800,544,889,1164,1377,1549,1694
59900,545,891,1166,1379,1552,1697
60000,546,892,1168,1382,1554,1700
60100,547,893,1170,1384,1557,1703
60200,548,895,1172,1387,1560,1706
60300,549,896,1174,1389,1562,1709
60400,550,898,1176,1392,1565,1712
60500,551,899,1177,1394,1568,1715
60600,552,901,1179,1397,1571,1718
60700,552,902,1181,1399,1573,1721
60800,553,904,1183,1402,1576,1724
60900,554,905,1185,1404,1579,1727
61000,555,906,1187,1407,1582,1730
61100,556,907,1189,1409,1585,1733
61200,557,909,1191,1412,1587,1736
61300,558,910,1193,1414,1590,1739
61400,559,912,1195,1417,1593,1742
61500,560,913,1196,1419,1596,1745
61600,561,915,1198,1422,1598,1748
61700,562,916,1200,1424,1601,1751
61800,563,918,1202,1427,1604,1754
61900,564,919,1204,1429,1607,1757
62000,565,921,1206,1432,1609,1759
62100,566,922,1208,1434,1612,1762
62200,567,924,1210,1437,1615,1765
62300,568,925,1212,1439,1617,1768
62400,569,927,1213,1442,1620,1771
62500,570,928,1215,1444,1623,1774
62600,570,930,1217,1447,1626,1777
62700,571,931,1219,1449,1628,1780
62800,572,933,1221,1452,1631,1783
62900,573,934,1223,1454,1634,1786
63000,574,936,1225,1457,1637,1789
63100,575,937,1227,1460,1640,1792
63200,576,939,1229,1462,1643,1795
63300,577,940,1231,1465,1645,1798
63400,578,942,1233,1467,1648,1801
63500,579,943,1235,1470,1651,1804
63600,580,945,1237,1472,1654,1807
63700,581,946,1239,1475,1657,1810
63800,582,948,1241,1477,1659,1813
63900,583,949,1243,1480,1662,1816
64000,584,951,1245,1482,1665,1819
64100,585,952,1247,1485,1668,1822
64200,586,954,1249,1487,1670,1825
64300,587,955,1251,1490,1673,1828
64400,588,957,1253,1492,1676,1831
64500,589,958,1255,1495,1679,1834
64600,590,960,1257,1497,1681,1837
64700,591,961,1259,1500,1684,1840
64800,592,963,1261,1502,1687,1843
64900,593,964,1262,1505,1690,1846
65000,594,966,1264,1507,1692,1849
65100,595,968,1266,1509,1695,1852
65200,596,969,1268,1512,1698,1855
65300,597,971,1270,1514,1700,1858
65400,598,972,1272,1516,1703,1861
65500,599,974,1274,1519,1706,1864
65600,600,975,1276,1521,1709,1867
65700,601,977,1277,1523,1711,1870
65800,602,978,1279,1526,1714,1873
65900,602,980,1281,1528,1717,1876
66000,603,981,1283,1530,1720,1879
66100,604,983,1285,1532,1723,1882
66200,605,984,1287,1535,1725,1885
66300,606,986,1289,1537,1728,1888
66400,607,987,1291,1539,1731,1891
66500,608,989,1293,1541,1734,1894
66600,609,990,1294,1544,1736,1897
66700,610,992,1296,1546,1739,1900
66800,611,993,1298,1548,1742,1903
66900,612,995,1300,1551,1744,1906
67000,613,996,1302,1553,1747,1909
67100,614,997,1304,1555,1750,1912
67200,615,999,1306,1557,1752,1915
67300,615,1000,1307,1559,1755,1918
67400,616,1002,1309,1562,1758,1921
67500,617,1003,1311,1564,1760,1924
67600,618,1005,1313,1566,1763,1926
67700,619,1006,1315,1568,1766,1929
67800,620,1008,1316,1570,1768,1932
67900,620,1009,1318,1572,1771,1935
68000,621,1010,1320,1574,1774,1938
68100,622,1011,1322,1576,1777,1941
68200,623,1013,1324,1578,1779,1944
68300,624,1014,1325,1581,1782,1946
68400,624,1015,1327,1583,1784,1949
68500,625,1017,1329,1585,1787,1952
68600,626,1018,1331,1587,1790,1955
68700,627,1019,1333,1589,1792,1958
68800,628,1021,1334,1592,1795,1961
68900,629,1022,1336,1594,1797,1963
69000,630,1023,1338,1596,1800,1966
69100,631,1024,1340,1598,1803,1969
69200,632,1026,1342,1600,1805,1972
69300,633,1027,1343,1602,1808,1975
69400,634,1028,1345,1605,1811,1977
69500,634,1030,1347,1607,1813,1980
69600,635,1031,1349,1609,1816,1983
69700,636,1032,1350,1611,1819,1986
69800,637,1034,1352,1613,1821,1989
69900,638,1035,1354,1615,1824,1992
70000,639,1037,1356,1617,1827,1995
70100,640,1038,1358,1619,1830,1998
70200,641,1040,1360,1621,1832,2001
70300,641,1041,1361,1624,1835,2004
70400,642,1042,1363,1626,1837,2007
70500,643,1044,1365,1628,1840,2009
70600,644,1045,1367,1630,1843,2012
70700,645,1047,1368,1632,1845,2015
70800,646,1048,1370,1634,1848,2018
70900,646,1049,1372,1637,1850,2021
71000,647,1051,1374,1639,1853,2024
71100,648,1052,1376,1641,1856,2027
71200,649,1054,1378,1643,1859,2030
71300,650,1055,1380,1646,1861,2033
71400,651,1057,1381,1648,1864,2036
71500,652,1058,1383,1650,1867,2039
71600,653,1060,1385,1652,1870,2041
71700,654,1061,1387,1655,1872,2044
71800,655,1063,1389,1657,1875,2047
71900,656,1064,1391,1659,1878,2050
72000,657,1066,1393,1661,1881,2053
72100,658,1067,1394,1663,1883,2055
72200,658,1068,1396,1664,1885,2058
72300,659,1069,1397,1666,1888,2060
72400,660,1071,1399,1668,1890,2062
72500,661,1072,1400,1670,1892,2065
72600,661,1073,1401,1671,1894,2067
72700,662,1074,1403,1673,1897,2069
72800,663,1075,1404,1675,1899,2072
72900,664,1076,1406,1677,1901,2074
73000,664,1077,1407,1678,1903,2077
73100,665,1078,1409,1680,1906,2080
73200,666,1080,1411,1682,1908,2083
73300,667,1081,1413,1685,1911,2086
73400,668,1083,1414,1687,1913,2089
73500,669,1084,1416,1689,1916,2092
73600,669,1085,1418,1691,1918,2094
73700,670,1087,1420,1694,1921,2097
73800,671,1088,1422,1696,1923,2100
73900,672,1090,1424,1698,1926,2103
74000,673,1091,1426,1700,1928,2106
74100,674,1092,1428,1702,1930,2109
74200,675,1094,1430,1704,1933,2112
74300,676,1095,1431,1706,1935,2115
74400,677,1096,1433,1709,1938,2118
74500,677,1098,1435,1711,1940,2121
74600,678,1099,1437,1713,1942,2124
74700,679,1101,1439,1715,1945,2127
74800,680,1102,1440,1717,1947,2130
74900,681,1103,1442,1719,1950,2133
75000,682,1105,1444,1721,1952,2136
75100,683,1106,1446,1723,1954,2139
75200,684,1108,1448,1725,1957,2142
75300,685,1109,1449,1727,1959,2145
75400,686,1110,1451,1729,1962,2148
75500,686,1112,1453,1731,1964,2151
75600,687,1113,1455,1734,1966,2154
75700,688,1114,1457,1736,1969,2157
75800,689,1116,1458,1738,1971,2159
75900,690,1117,1460,1740,1974,2162
76000,691,1119,1462,1742,1976,2165
76100,692,1120,1464,1744,1978,2168
76200,693,1122,1466,1746,1981,2171
76300,694,1123,1467,1748,1983,2174
76400,695,1124,1469,1751,1986,2177
76500,695,1126,1471,1753,1988,2180
76600,696,1127,1473,1755,1990,2183
76700,697,1129,1475,1757,1993,2185
76800,698,1130,1476,1759,1995,2188
76900,699,1131,1478,1761,1998,2191
77000,700,1133,1480,1764,2000,2194
77100,701,1134,1482,1766,2002,2197
77200,702,1136,1484,1768,2005,2200
77300,703,1137,1485,1770,2007,2203
77400,704,1138,1487,1773,2010,2206
77500,704,1140,1489,1775,2012,2209
77600,705,1141,1491,1777,2014,2211
77700,706,1143,1493,1779,2017,2214
77800,707,1144,1494,1781,2019,2217
77900,708,1145,1496,1783,2022,2220
78000,709,1147,1498,1785,2024,2223
78100,710,1148,1500,1787,2026,2226
78200,711,1150,1501,1789,2028,2228
78300,711,1151,1503,1791,2031,2231
78400,712,1152,1504,1793,2033,2234
78500,713,1153,1506,1795,2035,2237
78600,714,1155,1508,1797,2037,2239
78700,715,1156,1509,1798,2040,2242
78800,715,1157,1511,1800,2042,2245
78900,716,1158,1512,1802,2044,2247
79000,717,1160,1514,1804,2046,2250
79100,718,1161,1516,1806,2048,2252
79200,718,1162,1517,1808,2050,2255
79300,719,1164,1519,1810,2053,2257
79400,720,1165,1520,1811,2055,2259
79500,721,1166,1522,1813,2057,2262
79600,721,1167,1523,1815,2059,2264
79700,722,1169,1525,1817,2061,2267
79800,723,1170,1527,1819,2064,2269
79900,724,1171,1528,1821,2066,2271
80000,724,1172,1530,1823,2068,2274
80100,725,1173,1532,1825,2070,2276
80200,725,1174,1533,1827,2072,2279
80300,726,1176,1535,1829,2074,2281
80400,727,1177,1536,1831,2077,2283
80500,728,1178,1538,1832,2079,2286
80600,728,1179,1540,1834,2081,2288
80700,729,1181,1541,1836,2083,2291
80800,730,1182,1543,1838,2085,2293
80900,731,1183,1544,1840,2087,2295
81000,731,1184,1546,1842,2089,2298
81100,732,1185,1548,1844,2091,2300
81200,732,1186,1549,1846,2093,2303
81300,733,1188,1551,1848,2096,2305
81400,734,1189,1553,1850,2098,2308
81500,735,1190,1554,1851,2100,2310
81600,735,1191,1556,1853,2102,2312
81700,736,1193,1557,1855,2104,2315
81800,737,1194,1559,1857,2107,2317
81900,738,1195,1561,1859,2109,2320
82000,738,1196,1562,1861,2111,2322
82100,739,1197,1564,1863,2113,2324
82200,740,1198,1565,1865,2115,2327
82300,740,1200,1567,1867,2117,2329
82400,741,1201,1568,1869,2120,2331
82500,742,1202,1570,1870,2122,2334
82600,743,1203,1571,1872,2124,2336
82700,744,1205,1573,1874,2126,2338
82800,744,1206,1574,1876,2128,2340
82900,745,1207,1576,1878,2130,2343
83000,746,1208,1577,1880,2132,2345
83100,747,1209,1579,1882,2134,2347
83200,748,1210,1580,1884,2136,2350
83300,748,1212,1582,1885,2138,2352
83400,749,1213,1583,1887,2141,2354
83500,750,1214,1585,1889,2143,2357
83600,751,1215,1586,1891,2145,2359
83700,752,1216,1588,1893,2147,2361
83800,752,1218,1589,1895,2149,2363
83900,753,1219,1591,1896,2151,2366
84000,754,1220,1593,1898,2153,2368
84100,755,1221,1595,1900,2155,2370
84200,756,1222,1596,1902,2157,2373
84300,756,1224,1598,1904,2159,2375
84400,757,1225,1599,1905,2162,2377
84500,758,1226,1601,1907,2164,2380
84600,759,1227,1603,1909,2166,2382
84700,760,1228,1604,1911,2168,2384
84800,761,1230,1606,1913,2170,2387
84900,761,1231,1607,1915,2172,2389
85000,762,1232,1609,1917,2174,2391
85100,763,1233,1611,1919,2176,2393
85200,764,1235,1612,1921,2178,2396
85300,764,1236,1614,1922,2180,2398
85400,765,1237,1615,1924,2183,2400
85500,766,1238,1617,1926,2185,2403
85600,767,1240,1619,1928,2187,2405
85700,768,1241,1620,1930,2189,2407
85800,769,1242,1622,1931,2191,2410
85900,769,1243,1624,1933,2193,2412
86000,770,1245,1625,1935,2195,2414
86100,771,1246,1627,1937,2197,2416
86200,771,1247,1628,1939,2199,2419
86300,772,1249,1630,1941,2201,2421
86400,773,1250,1631,1942,2204,2423
86500,774,1251,1633,1944,2206,2426
86600,774,1252,1634,1946,2208,2428
86700,775,1254,1636,1948,2210,2430
86800,776,1255,1637,1950,2212,2433
86900,777,1256,1639,1952,2214,2435
87000,777,1257,1640,1954,2216,2437
87100,778,1258,1642,1956,2218,2439
87200,779,1259,1643,1958,2220,2442
87300,779,1261,1645,1960,2222,2444
87400,780,1262,1646,1962,2225,2446
87500,781,1263,1648,1963,2227,2449
87600,782,1264,1649,1965,2229,2451
87700,782,1266,1651,1967,2231,2453
87800,783,1267,1653,1969,2233,2456
87900,784,1268,1654,1971,2235,2458
88000,785,1269,1656,1973,2237,2460
88100,786,1270,1658,1975,2239,2462
88200,787,1271,1659,1977,2241,2465
88300,787,1273,1661,1979,2243,2467
88400,788,1274,1662,1980,2245,2469
88500,789,1275,1664,1982,2247,2472
88600,790,1276,1666,1984,2249,2474
88700,790,1277,1667,1986,2251,2476
88800,791,1279,1669,1988,2253,2479
88900,792,1280,1670,1990,2255,2481
89000,793,1281,1672,1991,2257,2483
89100,794,1282,1674,1993,2259,2485
89200,795,1283,1675,1995,2261,2488
89300,795,1285,1677,1997,2263,2490
89400,796,1286,1678,1999,2265,2492
89500,797,1287,1680,2000,2267,2495
89600,798,1288,1681,2002,2269,2497
89700,798,1289,1683,2004,2271,2499
89800,799,1290,1684,2006,2273,2502
89900,800,1292,1686,2008,2275,2504
90000,801,1293,1687,2010,2278,2506
90100,802,1294,1689,2012,2280,2508
90200,803,1296,1690,2014,2282,2511
90300,803,1297,1692,2015,2284,2513
90400,804,1298,1693,2017,2286,2515
90500,805,1299,1695,2019,2288,2518
90600,806,1301,1696,2021,2290,2520
90700,807,1302,1698,2023,2292,2522
90800,807,1303,1699,2025,2294,2525
90900,808,1304,1701,2026,2297,2527
91000,809,1306,1703,2028,2299,2529
91100,810,1307,1705,2030,2301,2531
91200,811,1308,1706,2032,2303,2534
91300,811,1310,1708,2034,2305,2536
91400,812,1311,1709,2035,2307,2538
91500,813,1312,1711,2037,2309,2541
91600,814,1313,1712,2039,2311,2543
91700,815,1315,1714,2041,2313,2545
91800,816,1316,1716,2043,2315,2548
91900,816,1317,1717,2045,2318,2550
92000,817,1318,1719,2047,2320,2552
92100,818,1319,1721,2049,2322,2554
92200,819,1320,1722,2051,2324,2557
92300,819,1322,1724,2053,2326,2559
92400,820,1323,1725,2055,2328,2561
92500,821,1324,1727,2057,2330,2564
92600,822,1325,1729,2058,2332,2566
92700,823,1326,1730,2060,2334,2568
92800,824,1328,1732,2062,2337,2571
92900,824,1329,1733,2064,2339,2573
93000,825,1330,1735,2066,2341,2575
93100,826,1331,1737,2068,2343,2577
93200,826,1332,1738,2070,2345,2580
93300,827,1334,1740,2072,2347,2582
93400,828,1335,1741,2073,2349,2584
93500,829,1336,1743,2075,2351,2587
93600,829,1337,1744,2077,2353,2589
93700,830,1338,1746,2079,2355,2591
93800,831,1339,1747,2081,2358,2594
93900,832,1341,1749,2083,2360,2596
94000,832,1342,1750,2084,2362,2598
94100,833,1343,1752,2086,2364,2600
94200,834,1345,1753,2088,2366,2603
94300,834,1346,1755,2090,2368,2605
94400,835,1347,1756,2092,2370,2607
94500,836,1348,1758,2093,2372,2610
94600,837,1350,1759,2095,2374,2612
94700,837,1351,1761,2097,2377,2614
94800,838,1352,1763,2099,2379,2617
94900,839,1353,1764,2101,2381,2619
95000,840,1355,1766,2103,2383,2621
95100,841,1356,1768,2105,2385,2623
95200,842,1357,1769,2107,2387,2626
95300,842,1359,1771,2108,2389,2628
95400,843,1360,1772,2110,2391,2630
95500,844,1361,1774,2112,2393,2633
95600,845,1362,1776,2114,2395,2635
95700,845,1364,1777,2116,2398,2637
95800,846,1365,1779,2118,2400,2640
95900,847,1366,1780,2119,2402,2642
96000,848,1367,1782,2121,2404,2644
96100,849,1368,1784,2123,2406,2646
96200,850,1369,1785,2125,2408,2649
96300,850,1371,1787,2127,2410,2651
96400,851,1372,1788,2128,2412,2653
96500,852,1373,1790,2130,2414,2656
96600,853,1374,1791,2132,2416,2658
96700,853,1376,1793,2134,2419,2660
96800,854,1377,1794,2136,2421,2663
96900,855,1378,1796,2138,2423,2665
97000,856,1379,1797,2140,2425,2667
97100,857,1380,1799,2142,2427,2669
97200,858,1381,1800,2144,2429,2672
97300,858,1383,1802,2145,2431,2674
97400,859,1384,1803,2147,2433,2676
97500,860,1385,1805,2149,2435,2679
97600,861,1386,1806,2151,2438,2681
97700,862,1387,1808,2153,2440,2683
97800,862,1389,1809,2155,2442,2686
97900,863,1390,1811,2156,2444,2688
98000,864,1391,1813,2158,2446,2690
98100,865,1392,1815,2160,2448,2692
98200,866,1394,1816,2162,2450,2694
98300,866,1395,1818,2164,2452,2697
98400,867,1396,1819,2165,2454,2699
98500,868,1397,1821,2167,2456,2701
98600,869,1399,1822,2169,2459,2703
98700,870,1400,1824,2171,2461,2706
98800,870,1401,1826,2173,2463,2708
98900,871,1402,1827,2175,2465,2710
99000,872,1404,1829,2177,2467,2712
99100,873,1405,1831,2179,2469,2714
99200,874,1406,1832,2181,2471,2717
99300,874,1408,1834,2183,2473,2719
99400,875,1409,1835,2185,2475,2721
99500,876,1410,1837,2186,2477,2723
99600,877,1411,1839,2188,2480,2726
99700,878,1413,1840,2190,2482,2728
99800,879,1414,1842,2192,2484,2730
99900,879,1415,1843,2194,2486,2732
100000,880,1416,1845,2196,2488,2735
100100,881,1417,1847,2198,2490,2737
100200,881,1418,1848,2200,2492,2740
100300,882,1420,1850,2202,2494,2742
100400,883,1421,1851,2203,2496,2744
100500,884,1422,1853,2205,2498,2746
100600,884,1423,1854,2207,2501,2749
100700,885,1425,1856,2209,2503,2751
100800,886,1426,1857,2211,2505,2753
100900,887,1427,1859,2213,2507,2755
101000,887,1428,1860,2214,2509,2758
101100,888,1429,1862,2216,2511,2760
101200,889,1430,1863,2218,2513,2763
101300,889,1432,1865,2220,2515,2765
101400,890,1433,1866,2222,2517,2767
101500,891,1434,1868,2223,2520,2769
101600,892,1435,1869,2225,2522,2772
101700,892,1436,1871,2227,2524,2774
101800,893,1438,1873,2229,2526,2776
101900,894,1439,1874,2231,2528,2778
102000,895,1440,1876,2233,2530,2781
102100,896,1441,1878,2235,2532,2783
102200,897,1442,1879,2237,2534,2786
102300,897,1444,1881,2238,2536,2788
102400,898,1445,1882,2240,2538,2790
102500,899,1446,1884,2242,2541,2792
102600,900,1447,1886,2244,2543,2795
102700,900,1448,1887,2246,2545,2797
102800,901,1449,1889,2248,2547,2799
102900,902,1451,1890,2249,2549,2801
103000,903,1452,1892,2251,2551,2804
103100,904,1453,1894,2253,2553,2806
103200,905,1455,1895,2255,2555,2809
103300,905,1456,1897,2257,2557,2811
103400,906,1457,1898,2258,2559,2813
103500,907,1458,1900,2260,2562,2815
103600,908,1460,1902,2262,2564,2818
103700,908,1461,1903,2264,2566,2820
103800,909,1462,1905,2266,2568,2822
103900,910,1463,1907,2268,2570,2824
104000,911,1465,1908,2270,2572,2827
104100,912,1466,1910,2272,2574,2829
104200,913,1467,1911,2274,2576,2832
104300,913,1469,1913,2275,2578,2834
104400,914,1470,1914,2277,2580,2836
104500,915,1471,1916,2279,2583,2838
104600,916,1472,1917,2281,2585,2841
104700,917,1474,1919,2283,2587,2843
104800,917,1475,1920,2284,2589,2845
104900,918,1476,1922,2286,2591,2847
105000,919,1477,1923,2288,2593,2850
105100,920,1478,1925,2290,2595,2852
105200,921,1479,1926,2292,2597,2855
105300,921,1481,1928,2294,2599,2857
105400,922,1482,1929,2295,2601,2859
105500,923,1483,1931,2297,2604,2861
105600,924,1484,1932,2299,2606,2864
105700,925,1485,1934,2301,2608,2866
105800,925,1487,1936,2303,2610,2868
105900,926,1488,1937,2305,2612,2870
106000,927,1489,1939,2307,2614,2873
106100,928,1490,1941,2309,2616,2875
106200,929,1491,1942,2311,2618,2878
106300,929,1493,1944,2313,2620,2880
106400,930,1494,1945,2315,2622,2882
106500,931,1495,1947,2316,2625,2884
106600,932,1496,1949,2318,2627,2887
106700,933,1497,1950,2320,2629,2889
106800,934,1499,1952,2322,2631,2891
106900,934,1500,1953,2324,2633,2893
107000,935,1501,1955,2326,2635,2896
107100,936,1502,1957,2328,2637,2898
107200,936,1504,1958,2330,2639,2901
107300,937,1505,1960,2332,2641,2903
107400,938,1506,1961,2333,2644,2905
107500,939,1507,1963,2335,2646,2907
107600,939,1509,1964,2337,2648,2910
107700,940,1510,1966,2339,2650,2912
107800,941,1511,1967,2341,2652,2914
107900,942,1512,1969,2343,2654,2916
108000,942,1514,1970,2344,2656,2919
108100,943,1515,1972,2346,2658,2921
108200,944,1516,1973,2348,2660,2924
108300,944,1518,1975,2350,2662,2926
108400,945,1519,1976,2352,2665,2928
108500,946,1520,1978,2353,2667,2930
108600,947,1521,1979,2355,2669,2933
108700,947,1523,1981,2357,2671,2935
108800,948,1524,1982,2359,2673,2937
108900,949,1525,1984,2361,2675,2939
109000,950,1526,1986,2363,2677,2942
109100,951,1527,1988,2365,2679,2944
109200,952,1528,1989,2367,2681,2947
109300,952,1530,1991,2368,2683,2949
109400,953,1531,1992,2370,2686,2951
109500,954,1532,1994,2372,2688,2953
109600,955,1533,1996,2374,2690,2956
109700,955,1535,1997,2376,2692,2958
109800,956,1536,1999,2378,2694,2960
109900,957,1537,2000,2379,2696,2962
110000,958,1538,2002,2381,2698,2965
110100,959,1539,2004,2383,2700,2967
110200,960,1540,2005,2385,2702,2970
110300,960,1542,2007,2387,2704,2972
110400,961,1543,2008,2388,2707,2974
110500,962,1544,2010,2390,2709,2976
110600,963,1545,2012,2392,2711,2979
110700,963,1546,2013,2394,2713,2981
110800,964,1548,2015,2396,2715,2983
110900,965,1549,2017,2398,2717,2986
111000,966,1550,2018,2400,2719,2988
111100,967,1551,2020,2402,2721,2990
111200,968,1552,2021,2404,2723,2993
111300,968,1554,2023,2406,2725,2995
111400,969,1555,2024,2408,2728,2997
111500,970,1556,2026,2410,2730,2999
111600,971,1557,2027,2411,2732,3002
111700,972,1558,2029,2413,2734,3004
111800,972,1559,2030,2415,2736,3006
111900,973,1561,2032,2417,2738,3009
112000,974,1562,2033,2419,2740,3011
112100,975,1563,2035,2421,2742,3013
112200,976,1565,2036,2423,2744,3016
112300,976,1566,2038,2425,2746,3018
112400,977,1567,2039,2426,2748,3020
112500,978,1568,2041,2428,2750,3022
112600,979,1570,2042,2430,2752,3025
112700,980,1571,2044,2432,2754,3027
112800,980,1572,2046,2434,2756,3029
112900,981,1573,2047,2436,2758,3032
113000,982,1575,2049,2437,2760,3034
113100,983,1576,2051,2439,2762,3036
113200,984,1577,2052,2441,2764,3039
113300,984,1579,2054,2443,2766,3041
113400,985,1580,2055,2445,2768,3043
113500,986,1581,2057,2446,2770,3045
113600,987,1582,2059,2448,2772,3048
113700,988,1584,2060,2450,2774,3050
113800,989,1585,2062,2452,2776,3052
113900,989,1586,2063,2454,2778,3055
114000,990,1587,2065,2456,2781,3057
114100,991,1588,2067,2458,2783,3059
114200,992,1589,2068,2460,2785,3062
114300,993,1591,2070,2462,2787,3064
114400,993,1592,2071,2463,2789,3066
114500,994,1593,2073,2465,2791,3068
114600,995,1594,2074,2467,2793,3071
114700,996,1595,2076,2469,2795,3073
114800,997,1597,2077,2471,2797,3075
114900,998,1598,2079,2473,2799,3078
115000,998,1599,2080,2474,2802,3080
115100,999,1600,2082,2476,2804,3082
115200,999,1601,2083,2478,2806,3085
115300,1000,1603,2085,2480,2808,3087
115400,1001,1604,2086,2482,2810,3089
115500,1002,1605,2088,2483,2812,3091
115600,1002,1606,2089,2485,2814,3094
115700,1003,1607,2091,2487,2816,3096
115800,1004,1608,2092,2489,2818,3098
115900,1005,1610,2094,2491,2821,3101
116000,1005,1611,2096,2493,2823,3103
116100,1006,1612,2098,2495,2825,3105
116200,1007,1614,2099,2497,2827,3108
116300,1007,1615,2101,2498,2829,3110
116400,1008,1616,2102,2500,2831,3112
116500,1009,1617,2104,2502,2833,3114
116600,1010,1619,2106,2504,2835,3117
116700,1010,1620,2107,2506,2837,3119
116800,1011,1621,2109,2508,2840,3121
116900,1012,1622,2110,2509,2842,3124
117000,1013,1624,2112,2511,2844,3126
117100,1014,1625,2114,2513,2846,3128
117200,1015,1626,2115,2515,2848,3131
117300,1015,1628,2117,2517,2850,3133
117400,1016,1629,2118,2518,2852,3135
117500,1017,1630,2120,2520,2854,3137
117600,1018,1631,2122,2522,2856,3140
117700,1018,1633,2123,2524,2858,3142
117800,1019,1634,2125,2526,2861,3144
117900,1020,1635,2127,2528,2863,3147
118000,1021,1636,2128,2530,2865,3149
118100,1022,1637,2130,2532,2867,3151
118200,1023,1638,2131,2534,2869,3154
118300,1023,1640,2133,2536,2871,3156
118400,1024,1641,2134,2538,2873,3158
118500,1025,1642,2136,2540,2875,3160
118600,1026,1643,2137,2541,2877,3163
118700,1027,1645,2139,2543,2879,3165
118800,1027,1646,2140,2545,2882,3167
118900,1028,1647,2142,2547,2884,3170
119000,1029,1648,2143,2549,2886,3172
119100,1030,1649,2145,2551,2888,3174
119200,1031,1650,2146,2553,2890,3177
119300,1031,1652,2148,2555,2892,3179
119400,1032,1653,2149,2556,2894,3181
119500,1033,1654,2151,2558,2896,3184
119600,1034,1655,2152,2560,2898,3186
119700,1035,1656,2154,2562,2901,3188
119800,1035,1658,2156,2564,2903,3190
119900,1036,1659,2157,2566,2905,3193
120000,1037,1660,2159,2567,2907,3195
120100,1038,1661,2161,2569,2909,3197
120200,1039,1662,2162,2571,2911,3200
120300,1039,1664,2164,2573,2913,3202
120400,1040,1665,2165,2575,2915,3204
120500,1041,1666,2167,2576,2917,3207
120600,1042,1667,2169,2578,2919,3209
120700,1043,1668,2170,2580,2922,3211
120800,1044,1669,2172,2582,2924,3213
120900,1044,1671,2173,2584,2926,3216
121000,1045,1672,2175,2586,2928,3218
121100,1046,1673,2177,2588,2930,3220
121200,1047,1675,2178,2590,2932,3223
121300,1048,1676,2180,2591,2934,3225
121400,1048,1677,2181,2593,2936,3227
121500,1049,1678,2183,2595,2938,3230
121600,1050,1680,2184,2597,2941,3232
121700,1051,1681,2186,2599,2943,3234
121800,1052,1682,2187,2601,2945,3236
121900,1053,1683,2189,2602,2947,3239
122000,1053,1685,2190,2604,2949,3241
122100,1054,1686,2192,2606,2951,3243
122200,1054,1687,2193,2608,2953,3246
122300,1055,1689,2195,2610,2955,3248
122400,1056,1690,2196,2611,2957,3250
122500,1057,1691,2198,2613,2959,3253
122600,1057,1692,2199,2615,2962,3255
122700,1058,1694,2201,2617,2964,3257
122800,1059,1695,2202,2619,2966,3259
122900,1060,1696,2204,2621,2968,3262
123000,1060,1697,2206,2623,2970,3264
123100,1061,1698,2208,2625,2972,3266
123200,1062,1699,2209,2627,2974,3269
123300,1062,1701,2211,2628,2976,3271
123400,1063,1702,2212,2630,2978,3273
123500,1064,1703,2214,2632,2980,3276
123600,1065,1704,2215,2634,2983,3278
123700,1065,1705,2217,2636,2985,3280
123800,1066,1707,2219,2638,2987,3282
123900,1067,1708,2220,2639,2989,3285
124000,1068,1709,2222,2641,2991,3287
124100,1069,1710,2224,2643,2993,3289
124200,1070,1711,2225,2645,2995,3292
124300,1070,1713,2227,2647,2997,3294
124400,1071,1714,2228,2648,2999,3296
124500,1072,1715,2230,2650,3001,3299
124600,1073,1716,2232,2652,3004,3301
124700,1073,1717,2233,2654,3006,3303
124800,1074,1718,2235,2656,3008,3306
124900,1075,1720,2236,2658,3010,3308
125000,1076,1721,2238,2660,3012,3310
125100,1077,1722,2240,2662,3014,3312
125200,1078,1724,2241,2664,3016,3315
125300,1078,1725,2243,2666,3018,3317
125400,1079,1726,2244,2668,3020,3319
125500,1080,1727,2246,2669,3022,3322
125600,1081,1729,2247,2671,3025,3324
125700,1082,1730,2249,2673,3027,3326
125800,1082,1731,2250,2675,3029,3329
125900,1083,1732,2252,2677,3031,3331
126000,1084,1734,2253,2679,3033,3333
126100,1085,1735,2255,2681,3035,3335
126200,1086,1736,2256,2683,3037,3338
126300,1086,1738,2258,2685,3039,3340
126400,1087,1739,2259,2686,3041,3342
126500,1088,1740,2261,2688,3044,3345
126600,1089,1741,2262,2690,3046,3347
126700,1090,1743,2264,2692,3048,3349
126800,1090,1744,2266,2694,3050,3352
126900,1091,1745,2267,2696,3052,3354
127000,1092,1746,2269,2697,3054,3356
127100,1093,1747,2270,2699,3056,3358
127200,1093,1748,2272,2701,3058,3360
127300,1094,1749,2273,2702,3060,3363
127400,1095,1750,2275,2704,3062,3365
127500,1096,1752,2276,2706,3064,3367
127600,1096,1753,2278,2708,3066,3369
127700,1097,1754,2279,2709,3068,3372
127800,1098,1755,2281,2711,3070,3374
127900,1098,1756,2282,2713,3072,3376
128000,1099,1757,2284,2715,3074,3378
128100,1100,1758,2286,2717,3076,3380
128200,1101,1759,2287,2718,3078,3382
128300,1101,1760,2289,2720,3080,3384
128400,1102,1762,2290,2722,3082,3387
128500,1103,1763,2292,2724,3084,3389
128600,1104,1764,2293,2725,3086,3391
128700,1104,1765,2295,2727,3088,3393
128800,1105,1766,2296,2729,3090,3395
128900,1106,1767,2298,2730,3092,3397
129000,1107,1769,2299,2732,3094,3399
129100,1108,1770,2301,2734,3096,3401
129200,1108,1771,2302,2736,3098,3403
129300,1109,1773,2304,2737,3100,3406
129400,1110,1774,2305,2739,3102,3408
129500,1111,1775,2307,2741,3104,3410
129600,1111,1776,2308,2743,3106,3412
129700,1112,1777,2310,2744,3108,3414
129800,1113,1779,2311,2746,3109,3416
129900,1114,1780,2313,2748,3111,3419
130000,1114,1781,2314,2750,3113,3421
130100,1115,1782,2316,2752,3115,3423
130200,1116,1783,2317,2754,3117,3425
130300,1116,1784,2319,2755,3119,3428
130400,1117,1786,2320,2757,3121,3430
130500,1118,1787,2322,2759,3123,3432
130600,1119,1788,2323,2761,3125,3434
130700,1119,1789,2325,2763,3127,3436
130800,1120,1790,2326,2764,3129,3439
130900,1121,1791,2328,2766,3131,3441
131000,1122,1792,2329,2768,3133,3443
131100,1123,1793,2331,2770,3135,3445
131200,1123,1794,2332,2771,3137,3447
131300,1124,1796,2334,2773,3139,3450
131400,1125,1797,2335,2775,3141,3452
131500,1126,1798,2337,2777,3143,3454
131600,1126,1799,2338,2778,3145,3456
131700,1127,1800,2340,2780,3147,3459
131800,1128,1801,2341,2782,3149,3461
131900,1129,1803,2343,2784,3151,3463
132000,1129,1804,2344,2785,3153,3465
132100,1130,1805,2345,2787,3155,3467
132200,1130,1806,2347,2789,3157,3469
132300,1131,1807,2348,2790,3159,3471
132400,1132,1808,2350,2792,3161,3474
132500,1132,1810,2351,2794,3163,3476
132600,1133,1811,2353,2796,3165,3478
132700,1134,1812,2354,2797,3167,3480
132800,1135,1813,2356,2799,3169,3482
132900,1135,1814,2357,2801,3171,3484
133000,1136,1815,2358,2803,3173,3486
133100,1137,1816,2359,2805,3175,3488
133200,1138,1817,2361,2806,3177,3490
133300,1138,1818,2362,2808,3179,3492
133400,1139,1820,2364,2810,3181,3495
133500,1140,1821,2365,2812,3183,3497
133600,1141,1822,2367,2813,3185,3499
133700,1141,1823,2368,2815,3187,3501
133800,1142,1824,2370,2817,3189,3503
133900,1143,1825,2371,2819,3191,3505
134000,1144,1827,2373,2820,3193,3508
134100,1145,1828,2374,2822,3195,3510
134200,1145,1829,2376,2824,3197,3512
134300,1146,1830,2377,2825,3199,3515
134400,1147,1831,2379,2827,3201,3517
134500,1148,1833,2380,2829,3203,3519
134600,1148,1834,2382,2831,3205,3521
134700,1149,1835,2383,2832,3207,3523
134800,1150,1836,2385,2834,3209,3526
134900,1150,1837,2386,2836,3211,3528
135000,1151,1838,2388,2838,3213,3530
135100,1152,1839,2389,2840,3215,3532
135200,1153,1840,2391,2842,3217,3534
135300,1153,1841,2392,2843,3219,3537
135400,1154,1843,2394,2845,3221,3539
135500,1155,1844,2395,2847,3223,3541
135600,1156,1845,2397,2849,3225,3543
135700,1156,1846,2398,2851,3227,3546
135800,1157,1847,2400,2852,3229,3548
135900,1158,1848,2401,2854,3231,3550
136000,1159,1850,2403,2856,3233,3552
136100,1160,1851,2404,2858,3235,3554
136200,1160,1852,2406,2859,3237,3556
136300,1161,1854,2407,2861,3239,3558
136400,1162,1855,2409,2863,3241,3561
136500,1163,1856,2410,2865,3243,3563
136600,1163,1857,2412,2866,3245,3565
136700,1164,1858,2413,2868,3247,3567
136800,1165,1860,2415,2870,3249,3569
136900,1165,1861,2416,2872,3250,3571
137000,1166,1862,2418,2873,3252,3573
137100,1167,1863,2420,2875,3254,3575
137200,1168,1864,2421,2877,3256,3577
137300,1168,1865,2423,2878,3258,3579
137400,1169,1867,2424,2880,3260,3582
137500,1170,1868,2426,2882,3262,3584
137600,1171,1869,2427,2884,3264,3586
137700,1171,1870,2429,2886,3266,3588
137800,1172,1871,2430,2887,3268,3590
137900,1173,1872,2432,2889,3270,3592
138000,1174,1873,2433,2891,3272,3595
138100,1175,1874,2435,2893,3274,3597
138200,1175,1875,2436,2894,3276,3599
138300,1176,1877,2438,2896,3278,3602
138400,1177,1878,2439,2898,3280,3604
138500,1178,1879,2441,2900,3282,3606
138600,1178,1880,2442,2901,3284,3608
138700,1179,1881,2444,2903,3286,3610
138800,1180,1882,2445,2905,3288,3613
138900,1181,1884,2447,2907,3290,3615
139000,1181,1885,2448,2908,3292,3617
139100,1182,1886,2450,2910,3294,3619
139200,1183,1887,2451,2912,3296,3621
139300,1183,1888,2453,2913,3298,3624
139400,1184,1889,2454,2915,3300,3626
139500,1185,1891,2456,2917,3302,3628
139600,1186,1892,2457,2919,3304,3630
139700,1186,1893,2459,2920,3306,3632
139800,1187,1894,2460,2922,3308,3635
139900,1188,1895,2462,2924,3310,3637
140000,1189,1896,2463,2926,3312,3639
140100,1190,1897,2465,2928,3314,3641
140200,1190,1898,2466,2929,3316,3643
140300,1191,1899,2468,2931,3318,3645
140400,1192,1901,2469,2933,3320,3648
140500,1193,1902,2471,2935,3322,3650
140600,1193,1903,2472,2936,3324,3652
140700,1194,1904,2474,2938,3326,3654
140800,1195,1905,2475,2940,3328,3656
140900,1196,1906,2477,2941,3330,3658
141000,1196,1908,2478,2943,3332,3660
141100,1197,1909,2479,2945,3334,3662
141200,1197,1910,2481,2947,3336,3664
141300,1198,1912,2482,2948,3338,3666
141400,1199,1913,2484,2950,3340,3669
141500,1199,1914,2485,2952,3342,3671
141600,1200,1915,2487,2954,3344,3673
141700,1201,1916,2488,2955,3346,3675
141800,1202,1918,2490,2957,3348,3677
141900,1202,1919,2491,2959,3350,3679
142000,1203,1920,2492,2961,3352,3682
142100,1204,1921,2493,2963,3354,3684
142200,1205,1922,2495,2965,3356,3686
142300,1205,1923,2496,2966,3358,3689
142400,1206,1925,2498,2968,3360,3691
142500,1207,1926,2499,2970,3362,3693
142600,1208,1927,2501,2972,3364,3695
142700,1208,1928,2502,2974,3366,3697
142800,1209,1929,2504,2975,3368,3699
142900,1210,1930,2505,2977,3370,3702
143000,1211,1931,2507,2979,3372,3704
143100,1212,1932,2508,2981,3374,3706
143200,1212,1933,2510,2982,3376,3708
143300,1213,1935,2511,2984,3378,3711
143400,1214,1936,2513,2986,3380,3713
143500,1215,1937,2514,2988,3382,3715
143600,1215,1938,2516,2989,3384,3717
143700,1216,1939,2517,2991,3386,3719
143800,1217,1941,2519,2993,3388,3722
143900,1217,1942,2520,2995,3390,3724
144000,1218,1943,2522,2996,3391,3726
144100,1219,1944,2523,2998,3393,3728
144200,1220,1945,2525,3000,3395,3730
144300,1220,1946,2526,3001,3397,3732
144400,1221,1948,2528,3003,3399,3735
144500,1222,1949,2529,3005,3401,3737
144600,1223,1950,2531,3007,3403,3739
144700,1223,1951,2532,3008,3405,3741
144800,1224,1952,2534,3010,3407,3743
144900,1225,1953,2535,3012,3409,3745
145000,1226,1954,2537,3014,3411,3747
145100,1227,1955,2538,3016,3413,3749
145200,1227,1956,2540,3017,3415,3751
145300,1228,1958,2541,3019,3417,3753
145400,1229,1959,2543,3021,3419,3756
145500,1230,1960,2544,3023,3421,3758
145600,1230,1961,2546,3024,3423,3760
145700,1231,1962,2547,3026,3425,3762
145800,1232,1963,2549,3028,3427,3764
145900,1232,1965,2550,3029,3429,3766
146000,1233,1966,2552,3031,3431,3769
146100,1234,1967,2554,3033,3433,3771
146200,1235,1968,2555,3035,3435,3773
146300,1235,1969,2557,3036,3437,3776
146400,1236,1970,2558,3038,3439,3778
146500,1237,1972,2560,3040,3441,3780
146600,1238,1973,2561,3042,3443,3782
146700,1238,1974,2563,3043,3445,3784
146800,1239,1975,2564,3045,3447,3786
146900,1240,1976,2566,3047,3449,3789
147000,1241,1977,2567,3049,3451,3791
147100,1242,1978,2569,3051,3453,3793
147200,1242,1979,2570,3053,3455,3795
147300,1243,1980,2572,3054,3457,3798
147400,1244,1982,2573,3056,3459,3800
147500,1245,1983,2575,3058,3461,3802
147600,1245,1984,2576,3060,3463,3804
147700,1246,1985,2578,3062,3465,3806
147800,1247,1986,2579,3063,3467,3809
147900,1248,1987,2581,3065,3469,3811
148000,1248,1989,2582,3067,3471,3813
148100,1249,1990,2584,3069,3473,3815
148200,1250,1991,2585,3070,3475,3817
148300,1250,1993,2587,3072,3477,3819
148400,1251,1994,2588,3074,3479,3822
148500,1252,1995,2590,3076,3481,3824
148600,1253,1996,2591,3077,3483,3826
148700,1254,1997,2593,3079,3485,3828
148800,1254,1999,2594,3081,3487,3830
148900,1255,2000,2596,3083,3489,3832
149000,1256,2001,2597,3084,3491,3834
149100,1257,2002,2598,3086,3493,3836
149200,1257,2003,2600,3088,3495,3838
149300,1258,2004,2601,3089,3497,3840
149400,1259,2006,2603,3091,3499,3843
149500,1260,2007,2604,3093,3501,3845
149600,1260,2008,2606,3095,3503,3847
149700,1261,2009,2607,3096,3505,3849
149800,1262,2010,2609,3098,3507,3851
149900,1263,2011,2610,3100,3508,3853
150000,1263,2012,2611,3102,3510,3856